volumetric_strain,stress_300K_GPa,stress_400K_GPa,stress_500K_GPa
-0.100000000,-0.350000000,-0.330000000,-0.310000000
-0.099500000,-0.346911090,-0.326997453,-0.307093557
-0.099000000,-0.343842557,-0.324015557,-0.304207843
-0.098500000,-0.340794298,-0.321054206,-0.301342751
-0.098000000,-0.337766206,-0.318113291,-0.298498173
-0.097500000,-0.334758178,-0.315192708,-0.295674002
-0.097000000,-0.331770108,-0.312292347,-0.292870130
-0.096500000,-0.328801891,-0.309412104,-0.290086450
-0.096000000,-0.325853423,-0.306551870,-0.287322854
-0.095500000,-0.322924599,-0.303711538,-0.284579235
-0.095000000,-0.320015314,-0.300891003,-0.281855485
-0.094500000,-0.317125463,-0.298090156,-0.279151497
-0.094000000,-0.314254940,-0.295308891,-0.276467162
-0.093500000,-0.311403642,-0.292547101,-0.273802374
-0.093000000,-0.308571464,-0.289804679,-0.271157026
-0.092500000,-0.305758300,-0.287081517,-0.268531008
-0.092000000,-0.302964045,-0.284377511,-0.265924215
-0.091500000,-0.300188595,-0.281692551,-0.263336538
-0.091000000,-0.297431845,-0.279026531,-0.260767870
-0.090500000,-0.294693691,-0.276379345,-0.258218104
-0.090000000,-0.291974026,-0.273750885,-0.255687131
-0.089500000,-0.289272747,-0.271141045,-0.253174845
-0.089000000,-0.286589748,-0.268549717,-0.250681137
-0.088500000,-0.283924924,-0.265976795,-0.248205901
-0.088000000,-0.281278171,-0.263422171,-0.245749029
-0.087500000,-0.278649384,-0.260885739,-0.243310412
-0.087000000,-0.276038458,-0.258367392,-0.240889945
-0.086500000,-0.273445288,-0.255867023,-0.238487519
-0.086000000,-0.270869770,-0.253384525,-0.236103026
-0.085500000,-0.268311797,-0.250919790,-0.233736359
-0.085000000,-0.265771266,-0.248472713,-0.231387411
-0.084500000,-0.263248072,-0.246043185,-0.229056075
-0.084000000,-0.260742109,-0.243631101,-0.226742241
-0.083500000,-0.258253273,-0.241236353,-0.224445804
-0.083000000,-0.255781459,-0.238858834,-0.222166655
-0.082500000,-0.253326563,-0.236498437,-0.219904688
-0.082000000,-0.250888478,-0.234155056,-0.217659793
-0.081500000,-0.248467101,-0.231828584,-0.215431865
-0.081000000,-0.246062326,-0.229518913,-0.213220795
-0.080500000,-0.243674049,-0.227225936,-0.211026476
-0.080000000,-0.241302165,-0.224949547,-0.208848800
-0.079500000,-0.238946568,-0.222689639,-0.206687660
-0.079000000,-0.236607155,-0.220446105,-0.204542948
-0.078500000,-0.234283819,-0.218218837,-0.202414557
-0.078000000,-0.231976457,-0.216007730,-0.200302379
-0.077500000,-0.229684963,-0.213812675,-0.198206307
-0.077000000,-0.227409233,-0.211633567,-0.196126233
-0.076500000,-0.225149162,-0.209470297,-0.194062050
-0.076000000,-0.222904644,-0.207322760,-0.192013650
-0.075500000,-0.220675575,-0.205190848,-0.189980926
-0.075000000,-0.218461851,-0.203074454,-0.187963769
-0.074500000,-0.216263365,-0.200973472,-0.185962073
-0.074000000,-0.214080014,-0.198887793,-0.183975730
-0.073500000,-0.211911692,-0.196817313,-0.182004633
-0.073000000,-0.209758295,-0.194761923,-0.180048674
-0.072500000,-0.207619717,-0.192721517,-0.178107745
-0.072000000,-0.205495855,-0.190695987,-0.176181739
-0.071500000,-0.203386602,-0.188685227,-0.174270548
-0.071000000,-0.201291854,-0.186689130,-0.172374065
-0.070500000,-0.199211507,-0.184707588,-0.170492183
-0.070000000,-0.197145455,-0.182740496,-0.168624793
-0.069500000,-0.195093593,-0.180787745,-0.166771789
-0.069000000,-0.193055817,-0.178849230,-0.164933062
-0.068500000,-0.191032022,-0.176924843,-0.163108506
-0.068000000,-0.189022102,-0.175014477,-0.161298012
-0.067500000,-0.187025954,-0.173118025,-0.159501474
-0.067000000,-0.185043471,-0.171235381,-0.157718783
-0.066500000,-0.183074550,-0.169366436,-0.155949832
-0.066000000,-0.181119086,-0.167511086,-0.154194514
-0.065500000,-0.179176973,-0.165669222,-0.152452721
-0.065000000,-0.177248106,-0.163840737,-0.150724346
-0.064500000,-0.175332381,-0.162025525,-0.149009280
-0.064000000,-0.173429694,-0.160223479,-0.147307417
-0.063500000,-0.171539938,-0.158434491,-0.145618649
-0.063000000,-0.169663009,-0.156658455,-0.143942869
-0.062500000,-0.167798803,-0.154895265,-0.142279968
-0.062000000,-0.165947214,-0.153144812,-0.140629840
-0.061500000,-0.164108138,-0.151406990,-0.138992376
-0.061000000,-0.162281469,-0.149681692,-0.137367470
-0.060500000,-0.160467103,-0.147968811,-0.135755014
-0.060000000,-0.158664935,-0.146268241,-0.134154900
-0.059500000,-0.156874860,-0.144579874,-0.132567020
-0.059000000,-0.155096774,-0.142903603,-0.130991268
-0.058500000,-0.153330570,-0.141239321,-0.129427536
-0.058000000,-0.151576145,-0.139586922,-0.127875716
-0.057500000,-0.149833394,-0.137946299,-0.126335700
-0.057000000,-0.148102212,-0.136317344,-0.124807382
-0.056500000,-0.146382493,-0.134699951,-0.123290653
-0.056000000,-0.144674133,-0.133094012,-0.121785406
-0.055500000,-0.142977028,-0.131499421,-0.120291534
-0.055000000,-0.141291071,-0.129916071,-0.118808929
-0.054500000,-0.139616159,-0.128343855,-0.117337483
-0.054000000,-0.137952187,-0.126782666,-0.115877089
-0.053500000,-0.136299049,-0.125232397,-0.114427640
-0.053000000,-0.134656641,-0.123692941,-0.112989027
-0.052500000,-0.133024858,-0.122164192,-0.111561144
-0.052000000,-0.131403595,-0.120646041,-0.110143883
-0.051500000,-0.129792747,-0.119138383,-0.108737136
-0.051000000,-0.128192209,-0.117641110,-0.107340796
-0.050500000,-0.126601877,-0.116154115,-0.105954755
-0.050000000,-0.125021645,-0.114677292,-0.104578906
-0.049500000,-0.123451409,-0.113210534,-0.103213141
-0.049000000,-0.121891064,-0.111753733,-0.101857353
-0.048500000,-0.120340504,-0.110306783,-0.100511434
-0.048000000,-0.118799626,-0.108869576,-0.099175277
-0.047500000,-0.117268324,-0.107442007,-0.097848773
-0.047000000,-0.115746493,-0.106023967,-0.096531817
-0.046500000,-0.114234029,-0.104615350,-0.095224299
-0.046000000,-0.112730826,-0.103216049,-0.093926113
-0.045500000,-0.111236780,-0.101825957,-0.092637151
-0.045000000,-0.109751786,-0.100444968,-0.091357305
-0.044500000,-0.108275738,-0.099072973,-0.090086469
-0.044000000,-0.106808533,-0.097709867,-0.088824533
-0.043500000,-0.105350065,-0.096355542,-0.087571392
-0.043000000,-0.103900230,-0.095009891,-0.086326937
-0.042500000,-0.102458922,-0.093672808,-0.085091061
-0.042000000,-0.101026036,-0.092344185,-0.083863656
-0.041500000,-0.099601469,-0.091023916,-0.082644615
-0.041000000,-0.098185114,-0.089711893,-0.081433830
-0.040500000,-0.096776867,-0.088408011,-0.080231195
-0.040000000,-0.095376623,-0.087112161,-0.079036600
-0.039500000,-0.093984278,-0.085824236,-0.077849939
-0.039000000,-0.092599726,-0.084544131,-0.076671104
-0.038500000,-0.091222863,-0.083271738,-0.075499988
-0.038000000,-0.089853583,-0.082006949,-0.074336482
-0.037500000,-0.088491782,-0.080749659,-0.073180481
-0.037000000,-0.087137355,-0.079499760,-0.072031875
-0.036500000,-0.085790196,-0.078257144,-0.070890558
-0.036000000,-0.084450203,-0.077021707,-0.069756422
-0.035500000,-0.083117268,-0.075793339,-0.068629360
-0.035000000,-0.081791288,-0.074571935,-0.067509263
-0.034500000,-0.080472157,-0.073357388,-0.066396025
-0.034000000,-0.079159771,-0.072149590,-0.065289538
-0.033500000,-0.077854025,-0.070948434,-0.064189694
-0.033000000,-0.076554814,-0.069753814,-0.063096386
-0.032500000,-0.075262033,-0.068565623,-0.062009506
-0.032000000,-0.073975577,-0.067383754,-0.060928947
-0.031500000,-0.072695342,-0.066208099,-0.059854601
-0.031000000,-0.071421222,-0.065038553,-0.058786361
-0.030500000,-0.070153113,-0.063875007,-0.057724120
-0.030000000,-0.068890909,-0.062717355,-0.056667769
-0.029500000,-0.067634506,-0.061565491,-0.055617201
-0.029000000,-0.066383800,-0.060419306,-0.054572308
-0.028500000,-0.065138684,-0.059278695,-0.053532984
-0.028000000,-0.063899055,-0.058143550,-0.052499121
-0.027500000,-0.062664807,-0.057013765,-0.051470610
-0.027000000,-0.061435835,-0.055889232,-0.050447345
-0.026500000,-0.060212035,-0.054769844,-0.049429218
-0.026000000,-0.058993302,-0.053655495,-0.048416122
-0.025500000,-0.057779531,-0.052546077,-0.047407948
-0.025000000,-0.056570617,-0.051441485,-0.046404590
-0.024500000,-0.055366455,-0.050341610,-0.045405939
-0.024000000,-0.054166940,-0.049246345,-0.044411889
-0.023500000,-0.052971968,-0.048155585,-0.043422332
-0.023000000,-0.051781433,-0.047069221,-0.042437161
-0.022500000,-0.050595231,-0.045987148,-0.041456267
-0.022000000,-0.049413257,-0.044909257,-0.040479543
-0.021500000,-0.048235406,-0.043835443,-0.039506882
-0.021000000,-0.047061573,-0.042765598,-0.038538176
-0.020500000,-0.045891653,-0.041699615,-0.037573318
-0.020000000,-0.044725541,-0.040637387,-0.036612200
-0.019500000,-0.043563133,-0.039578808,-0.035654715
-0.019000000,-0.042404323,-0.038523770,-0.034700754
-0.018500000,-0.041249008,-0.037472166,-0.033750212
-0.018000000,-0.040097081,-0.036423890,-0.032802979
-0.017500000,-0.038948438,-0.035378835,-0.031858949
-0.017000000,-0.037802974,-0.034336894,-0.030918014
-0.016500000,-0.036660584,-0.033297959,-0.029980066
-0.016000000,-0.035521164,-0.032261924,-0.029044998
-0.015500000,-0.034384608,-0.031228682,-0.028112703
-0.015000000,-0.033250812,-0.030198126,-0.027183073
-0.014500000,-0.032119670,-0.029170149,-0.026256000
-0.014000000,-0.030991079,-0.028144644,-0.025331376
-0.013500000,-0.029864932,-0.027121504,-0.024409095
-0.013000000,-0.028741126,-0.026100622,-0.023489049
-0.012500000,-0.027619555,-0.025081891,-0.022571130
-0.012000000,-0.026500114,-0.024065205,-0.021655231
-0.011500000,-0.025382699,-0.023050456,-0.020741244
-0.011000000,-0.024267205,-0.022037538,-0.019829062
-0.010500000,-0.023153526,-0.021026343,-0.018918577
-0.010000000,-0.022041558,-0.020016765,-0.018009681
-0.009500000,-0.020931197,-0.019008696,-0.017102268
-0.009000000,-0.019822336,-0.018002031,-0.016196229
-0.008500000,-0.018714872,-0.016996660,-0.015291457
-0.008000000,-0.017608700,-0.015992479,-0.014387845
-0.007500000,-0.016503713,-0.014989380,-0.013485284
-0.007000000,-0.015399809,-0.013987255,-0.012583669
-0.006500000,-0.014296882,-0.012985999,-0.011682890
-0.006000000,-0.013194826,-0.011985504,-0.010782840
-0.005500000,-0.012093538,-0.010985663,-0.009883413
-0.005000000,-0.010992911,-0.009986369,-0.008984499
-0.004500000,-0.009892842,-0.008987515,-0.008085993
-0.004000000,-0.008793226,-0.007988995,-0.007187786
-0.003500000,-0.007693957,-0.006990701,-0.006289770
-0.003000000,-0.006594931,-0.005992526,-0.005391839
-0.002500000,-0.005496043,-0.004994364,-0.004493885
-0.002000000,-0.004397188,-0.003996108,-0.003595799
-0.001500000,-0.003298261,-0.002997650,-0.002697476
-0.001000000,-0.002199157,-0.001998884,-0.001798806
-0.000500000,-0.001099772,-0.000999703,-0.000899684
0.000000000,0.000000000,0.000000000,0.000000000
0.000500000,0.001100263,0.001000332,0.000900352
0.001000000,0.002201123,0.002001401,0.001801480
0.001500000,0.003302683,0.003003312,0.002703492
0.002000000,0.004405049,0.004006173,0.003606494
0.002500000,0.005508327,0.005010091,0.004510596
0.003000000,0.006612619,0.006015173,0.005415903
0.003500000,0.007718033,0.007021526,0.006322524
0.004000000,0.008824672,0.008029256,0.007230566
0.004500000,0.009932641,0.009038471,0.008140136
0.005000000,0.011042045,0.010049277,0.009051343
0.005500000,0.012152990,0.011061782,0.009964293
0.006000000,0.013265579,0.012076092,0.010879095
0.006500000,0.014379918,0.013092314,0.011795856
0.007000000,0.015496112,0.014110556,0.012714682
0.007500000,0.016614265,0.015130923,0.013635683
0.008000000,0.017734483,0.016153524,0.014558965
0.008500000,0.018856870,0.017178465,0.015484636
0.009000000,0.019981531,0.018205853,0.016412803
0.009500000,0.021108571,0.019235795,0.017343574
0.010000000,0.022238095,0.020268398,0.018277056
0.010500000,0.023370208,0.021303769,0.019213358
0.011000000,0.024505014,0.022342014,0.020152586
0.011500000,0.025642619,0.023383241,0.021094848
0.012000000,0.026783127,0.024427557,0.022040251
0.012500000,0.027926644,0.025475068,0.022988904
0.013000000,0.029073273,0.026525882,0.023940913
0.013500000,0.030223121,0.027580105,0.024896386
0.014000000,0.031376291,0.028637845,0.025855431
0.014500000,0.032532889,0.029699207,0.026818156
0.015000000,0.033693019,0.030764300,0.027784666
0.015500000,0.034856788,0.031833231,0.028755072
0.016000000,0.036024298,0.032906105,0.029729478
0.016500000,0.037195655,0.033983030,0.030707995
0.017000000,0.038370965,0.035064114,0.031690728
0.017500000,0.039550331,0.036149462,0.032677785
0.018000000,0.040733860,0.037239182,0.033669274
0.018500000,0.041921655,0.038333381,0.034665303
0.019000000,0.043113821,0.039432166,0.035665978
0.019500000,0.044310464,0.040535643,0.036671408
0.020000000,0.045511688,0.041643920,0.037681700
0.020500000,0.046717599,0.042757103,0.038696962
0.021000000,0.047928300,0.043875300,0.039717300
0.021500000,0.049143897,0.044998617,0.040742823
0.022000000,0.050364495,0.046127162,0.041773638
0.022500000,0.051590199,0.047261041,0.042809853
0.023000000,0.052821113,0.048400361,0.043851575
0.023500000,0.054057342,0.049545229,0.044898911
0.024000000,0.055298992,0.050695753,0.045951970
0.024500000,0.056546167,0.051852038,0.047010858
0.025000000,0.057798972,0.053014192,0.048075684
0.025500000,0.059057512,0.054182322,0.049146554
0.026000000,0.060321891,0.055356536,0.050223577
0.026500000,0.061592215,0.056536938,0.051306859
0.027000000,0.062868588,0.057723638,0.052396509
0.027500000,0.064151116,0.058916741,0.053492634
0.028000000,0.065439903,0.060116355,0.054595341
0.028500000,0.066735054,0.061322586,0.055704738
0.029000000,0.068036674,0.062535542,0.056820933
0.029500000,0.069344868,0.063755329,0.057944032
0.030000000,0.070659740,0.064982054,0.059074144
0.030500000,0.071981396,0.066215825,0.060211376
0.031000000,0.073309941,0.067456748,0.061355836
0.031500000,0.074645478,0.068704930,0.062507630
0.032000000,0.075988114,0.069960478,0.063666868
0.032500000,0.077337953,0.071223499,0.064833655
0.033000000,0.078695100,0.072494100,0.066008100
0.033500000,0.080059660,0.073772388,0.067190310
0.034000000,0.081431737,0.075058470,0.068380393
0.034500000,0.082811437,0.076352452,0.069578456
0.035000000,0.084198864,0.077654442,0.070784607
0.035500000,0.085594123,0.078964547,0.071998954
0.036000000,0.086997319,0.080282873,0.073221603
0.036500000,0.088408558,0.081609528,0.074452662
0.037000000,0.089827943,0.082944618,0.075692240
0.037500000,0.091255580,0.084288251,0.076940442
0.038000000,0.092691574,0.085640533,0.078197378
0.038500000,0.094136029,0.087001571,0.079463154
0.039000000,0.095589051,0.088371472,0.080737878
0.039500000,0.097050743,0.089750344,0.082021658
0.040000000,0.098521212,0.091138292,0.083314601
0.040500000,0.100000562,0.092535424,0.084616814
0.041000000,0.101488897,0.093941848,0.085928405
0.041500000,0.102986324,0.095357669,0.087249482
0.042000000,0.104492945,0.096782995,0.088580152
0.042500000,0.106008868,0.098217933,0.089920523
0.043000000,0.107534195,0.099662589,0.091270702
0.043500000,0.109069033,0.101117071,0.092630796
0.044000000,0.110613486,0.102581486,0.094000914
0.044500000,0.112167658,0.104055940,0.095381163
0.045000000,0.113731656,0.105540540,0.096771650
0.045500000,0.115305583,0.107035394,0.098172483
0.046000000,0.116889545,0.108540608,0.099583769
0.046500000,0.118483646,0.110056289,0.101005616
0.047000000,0.120087991,0.111582545,0.102438131
0.047500000,0.121702685,0.113119481,0.103881423
0.048000000,0.123327834,0.114667206,0.105335598
0.048500000,0.124963541,0.116225825,0.106800763
0.049000000,0.126609912,0.117795447,0.108277028
0.049500000,0.128267052,0.119376177,0.109764498
0.050000000,0.129935065,0.120968123,0.111263282
0.050500000,0.131614056,0.122571391,0.112773487
0.051000000,0.133304131,0.124186090,0.114295221
0.051500000,0.135005394,0.125812325,0.115828591
0.052000000,0.136717950,0.127450203,0.117373704
0.052500000,0.138441903,0.129099832,0.118930669
0.053000000,0.140177360,0.130761318,0.120499592
0.053500000,0.141924424,0.132434769,0.122080582
0.054000000,0.143683200,0.134120291,0.123673745
0.054500000,0.145453794,0.135817991,0.125279190
0.055000000,0.147236310,0.137527976,0.126897024
0.055500000,0.149030852,0.139250353,0.128527354
0.056000000,0.150837527,0.140985230,0.130170288
0.056500000,0.152656439,0.142732712,0.131825933
0.057000000,0.154487692,0.144492907,0.133494397
0.057500000,0.156331392,0.146265922,0.135175788
0.058000000,0.158187643,0.148051864,0.136870212
0.058500000,0.160056551,0.149850839,0.138577779
0.059000000,0.161938219,0.151662955,0.140298594
0.059500000,0.163832754,0.153488319,0.142032766
0.060000000,0.165740260,0.155327037,0.143780401
0.060500000,0.167660841,0.157179216,0.145541609
0.061000000,0.169594603,0.159044964,0.147316496
0.061500000,0.171541650,0.160924387,0.149105169
0.062000000,0.173502088,0.162817592,0.150907736
0.062500000,0.175476021,0.164724687,0.152724306
0.063000000,0.177463555,0.166645778,0.154554984
0.063500000,0.179464793,0.168580971,0.156399880
0.064000000,0.181479841,0.170530375,0.158259099
0.064500000,0.183508803,0.172494096,0.160132751
0.065000000,0.185551786,0.174472240,0.162020942
0.065500000,0.187608892,0.176464916,0.163923779
0.066000000,0.189680229,0.178472229,0.165841371
0.066500000,0.191765899,0.180494286,0.167773826
0.067000000,0.193866008,0.182531196,0.169721249
0.067500000,0.195980662,0.184583063,0.171683750
0.068000000,0.198109964,0.186649997,0.173661435
0.068500000,0.200254019,0.188732102,0.175654412
0.069000000,0.202412934,0.190829487,0.177662789
0.069500000,0.204586812,0.192942259,0.179686672
0.070000000,0.206775758,0.195070523,0.181726171
0.070500000,0.208979877,0.197214388,0.183781391
0.071000000,0.211199274,0.199373960,0.185852442
0.071500000,0.213434054,0.201549346,0.187939429
0.072000000,0.215684322,0.203740653,0.190042461
0.072500000,0.217950183,0.205947987,0.192161646
0.073000000,0.220231741,0.208171457,0.194297090
0.073500000,0.222529101,0.210411168,0.196448902
0.074000000,0.224842369,0.212667228,0.198617188
0.074500000,0.227171649,0.214939744,0.200802057
0.075000000,0.229517045,0.217228822,0.203003616
0.075500000,0.231878664,0.219534570,0.205221972
0.076000000,0.234256610,0.221857094,0.207457233
0.076500000,0.236650987,0.224196502,0.209709506
0.077000000,0.239061900,0.226552900,0.211978900
0.077500000,0.241489455,0.228926395,0.214265521
0.078000000,0.243933756,0.231317095,0.216569477
0.078500000,0.246394908,0.233725105,0.218890876
0.079000000,0.248873016,0.236150534,0.221229825
0.079500000,0.251368185,0.238593488,0.223586431
0.080000000,0.253880519,0.241054073,0.225960803
0.080500000,0.256410125,0.243532398,0.228353047
0.081000000,0.258957105,0.246028568,0.230763272
0.081500000,0.261521566,0.248542691,0.233191584
0.082000000,0.264103612,0.251074874,0.235638091
0.082500000,0.266703348,0.253625223,0.238102902
0.083000000,0.269320879,0.256193846,0.240586122
0.083500000,0.271956310,0.258780850,0.243087861
0.084000000,0.274609745,0.261386340,0.245608225
0.084500000,0.277281290,0.264010426,0.248147322
0.085000000,0.279971050,0.266653212,0.250705259
0.085500000,0.282679128,0.269314807,0.253282144
0.086000000,0.285405631,0.271995317,0.255878085
0.086500000,0.288150663,0.274694849,0.258493188
0.087000000,0.290914329,0.277413510,0.261127562
0.087500000,0.293696733,0.280151408,0.263781315
0.088000000,0.296497981,0.282908648,0.266454552
0.088500000,0.299318177,0.285685338,0.269147383
0.089000000,0.302157427,0.288481584,0.271859915
0.089500000,0.305015835,0.291297495,0.274592255
0.090000000,0.307893506,0.294133176,0.277344510
0.090500000,0.310790546,0.296988735,0.280116789
0.091000000,0.313707058,0.299864278,0.282909198
0.091500000,0.316643147,0.302759913,0.285721846
0.092000000,0.319598919,0.305675746,0.288554839
0.092500000,0.322574479,0.308611884,0.291408286
0.093000000,0.325569931,0.311568435,0.294282294
0.093500000,0.328585380,0.314545505,0.297176970
0.094000000,0.331620932,0.317543202,0.300092422
0.094500000,0.334676690,0.320561631,0.303028757
0.095000000,0.337752760,0.323600900,0.305986083
0.095500000,0.340849246,0.326661117,0.308964508
0.096000000,0.343966255,0.329742387,0.311964139
0.096500000,0.347103889,0.332844818,0.314985083
0.097000000,0.350262255,0.335968517,0.318027449
0.097500000,0.353441457,0.339113590,0.321091343
0.098000000,0.356641600,0.342280145,0.324176873
0.098500000,0.359862789,0.345468289,0.327284146
0.099000000,0.363105129,0.348678129,0.330413271
0.099500000,0.366368724,0.351909770,0.333564355
0.100000000,0.369653680,0.355163322,0.336737505
0.100500000,0.372960101,0.358438889,0.339932829
0.101000000,0.376288092,0.361736580,0.343150433
0.101500000,0.379637759,0.365056501,0.346390427
0.102000000,0.383009205,0.368398759,0.349652917
0.102500000,0.386402537,0.371763461,0.352938011
0.103000000,0.389817858,0.375150714,0.356245816
0.103500000,0.393255273,0.378560625,0.359576440
0.104000000,0.396714888,0.381993302,0.362929991
0.104500000,0.400196808,0.385448849,0.366306576
0.105000000,0.403701136,0.388927376,0.369706302
0.105500000,0.407227979,0.392428988,0.373129277
0.106000000,0.410777441,0.395953793,0.376575608
0.106500000,0.414349626,0.399501898,0.380045404
0.107000000,0.417944640,0.403073409,0.383538771
0.107500000,0.421562588,0.406668433,0.387055818
0.108000000,0.425203574,0.410287078,0.390596651
0.108500000,0.428867703,0.413929450,0.394161378
0.109000000,0.432555081,0.417595657,0.397750107
0.109500000,0.436265812,0.421285804,0.401362945
0.110000000,0.440000000,0.425000000,0.405000000
